{
    "date": "08-02-2021",
    "startTime": "09:00:43",
    "endTime": "09:53:36",
    "meetingType": "Sponsor meeting",
    "attendance": [
        "Ratthamnoon Prakitpong",
        "Gianni Co",
        "Hassan Iqbal",
        "Kevin Yang"
    ],
    "notes": [
        "- Meet with Ahmad to give project updates, keep confidence in team function and project progress",
        "- Recapped 3DP prototype redesign and sheet metal design",
        "- Met internally afterwards to talk about git"
    ]
}