{
    "date": "12-01-2021",
    "startTime": "08:00:01",
    "endTime": "09:25:30",
    "meetingType": "Alone work time",
    "attendance": [
        "Ratthamnoon Prakitpong",
        "Gianni Co",
        "Hassan Iqbal",
        "Kevin Yang"
    ],
    "notes": [
        "- Received significant news from 2/4 team members about personal emergencies",
        "- Their issues aren't likely to go away before term ends, so I drafted an email to ask for reduced project scope",
        "- Once other team members proofread it, I'll send it off"
    ]
}