{
    "date": "14-01-2021",
    "startTime": "15:00:51",
    "endTime": "16:09:22",
    "meetingType": "Supervisor meeting",
    "attendance": [
        "Ratthamnoon Prakitpong",
        "Gianni Co",
        "Hassan Iqbal",
        "Kevin Yang"
    ],
    "notes": [
        "- Talked to Vlad about the things we emailed him about",
        "- He's ok with reduced scope, but make us get final confirmation from Ahmad",
        "- Talked to Gianni after the meeting about 3d printed prototype"
    ]
}