{
    "date": "15-10-2020",
    "startTime": "15:00:00",
    "endTime": "16:00:00",
    "meetingType": "Supervisor meeting",
    "attendance": [
        "Ratthamnoon Prakitpong",
        "Gianni Co",
        "Hassan Iqbal",
        "Kevin Yang"
    ],
    "notes": [
        "Talked to supervisor about proposal draft",
        "Recommended clarifying evaluation criteria",
        "Recommended taking out value equation",
        "I think that given sponsor meeting, it makes more sense to not evaluate final product but individual components of final product",
        "Team will revise that section of proposal in the upcoming week"
    ]
}