{
    "date": "17-11-2020",
    "startTime": "20:59:53",
    "endTime": "23:41:30",
    "meetingType": "Alone work time",
    "attendance": [
        "Ratthamnoon Prakitpong",
        "Gianni Co",
        "Hassan Iqbal",
        "Kevin Yang"
    ],
    "notes": [
        "Tried connecting motor MCU to laptop, and it works like a serial device",
        "Now considering how to run it from python",
        "Also tried getting Raspberry Pi running, need to continue in next session"
    ]
}