x-axis,2
second,Volt
-250.0000E-06,+10.8177607630E+00
-249.7500E-06,+10.5517428353E+00
-249.5000E-06,+10.2980047979E+00
-249.2500E-06,+9.9986326131E+00
-249.0000E-06,+9.7040967451E+00
-248.7500E-06,+9.4192026777E+00
-248.5000E-06,+9.0734435703E+00
-248.2500E-06,+8.7508910492E+00
-248.0000E-06,+8.3746331728E+00
-247.7500E-06,+8.0361282994E+00
-247.5000E-06,+7.6326093190E+00
-247.2500E-06,+7.2057877559E+00
-247.0000E-06,+6.7865976585E+00
-246.7500E-06,+6.3494730537E+00
-246.5000E-06,+5.8807213616E+00
-246.2500E-06,+5.3687835485E+00
-246.0000E-06,+4.8913663802E+00
-245.7500E-06,+4.3658616106E+00
-245.5000E-06,+3.8332266625E+00
-245.2500E-06,+3.2632833982E+00
-245.0000E-06,+2.6679267575E+00
-244.7500E-06,+2.0733291633E+00
-244.5000E-06,+1.4488648967E+00
-244.2500E-06,+787.5261462E-03
-244.0000E-06,+148.7311732E-03
-243.7500E-06,-521.7720493E-03
-243.5000E-06,-1.1855053615E+00
-243.2500E-06,-1.9355053915E+00
-243.0000E-06,-2.7041003257E+00
-242.7500E-06,-3.4672320326E+00
-242.5000E-06,-4.2889051703E+00
-242.2500E-06,-5.0975746665E+00
-242.0000E-06,-5.9462283965E+00
-241.7500E-06,-6.8125898284E+00
-241.5000E-06,-7.6912067097E+00
-241.2500E-06,-8.6171226394E+00
-241.0000E-06,-9.5212988607E+00
-240.7500E-06,-10.4524014859E+00
-240.5000E-06,-11.3965239926E+00
-240.2500E-06,-12.1358882894E+00
-240.0000E-06,-12.4886285550E+00
-239.7500E-06,-12.6151221905E+00
-239.5000E-06,-12.6569577704E+00
-239.2500E-06,-12.6891181839E+00
-239.0000E-06,-12.6791891177E+00
-238.7500E-06,-12.7047050029E+00
-238.5000E-06,-12.6982570089E+00
-238.2500E-06,-12.6958029522E+00
-238.0000E-06,-12.7111078122E+00
-237.7500E-06,-12.7338416528E+00
-237.5000E-06,-12.7539991902E+00
-237.2500E-06,-12.7341778003E+00
-237.0000E-06,-12.7726557604E+00
-236.7500E-06,-12.7767043687E+00
-236.5000E-06,-12.7946078020E+00
-236.2500E-06,-12.8039464590E+00
-236.0000E-06,-12.7895523981E+00
-235.7500E-06,-12.8231335815E+00
-235.5000E-06,-12.8155678822E+00
-235.2500E-06,-12.8326848130E+00
-235.0000E-06,-12.8359771487E+00
-234.7500E-06,-12.8387356757E+00
-234.5000E-06,-12.8479731504E+00
-234.2500E-06,-12.8470028561E+00
-234.0000E-06,-12.8530998684E+00
-233.7500E-06,-12.8414680733E+00
-233.5000E-06,-12.8620780160E+00
-233.2500E-06,-12.8448728074E+00
-233.0000E-06,-12.8477610583E+00
-232.7500E-06,-12.8637737499E+00
-232.5000E-06,-12.8615752815E+00
-232.2500E-06,-12.8663464349E+00
-232.0000E-06,-12.8732283819E+00
-231.7500E-06,-12.8735724893E+00
-231.5000E-06,-12.8654027525E+00
-231.2500E-06,-12.8780572213E+00
-231.0000E-06,-12.8647723445E+00
-230.7500E-06,-12.8700386343E+00
-230.5000E-06,-12.8674463324E+00
-230.2500E-06,-12.8776880700E+00
-230.0000E-06,-12.8790048837E+00
-229.7500E-06,-12.8811075968E+00
-229.5000E-06,-12.8804968471E+00
-229.2500E-06,-12.8710299136E+00
-229.0000E-06,-12.8715059156E+00
-228.7500E-06,-12.8808926103E+00
-228.5000E-06,-12.8835882654E+00
-228.2500E-06,-12.8768713375E+00
-228.0000E-06,-12.8745990223E+00
-227.7500E-06,-12.8752752181E+00
-227.5000E-06,-12.8862298526E+00
-227.2500E-06,-12.8741364072E+00
-227.0000E-06,-12.8816263716E+00
-226.7500E-06,-12.8703998673E+00
-226.5000E-06,-12.8840960652E+00
-226.2500E-06,-12.8775742243E+00
-226.0000E-06,-12.8772406095E+00
-225.7500E-06,-12.8785919948E+00
-225.5000E-06,-12.8818682111E+00
-225.2500E-06,-12.8812029902E+00
-225.0000E-06,-12.8906217240E+00
-224.7500E-06,-12.8861986578E+00
-224.5000E-06,-12.8920639197E+00
-224.2500E-06,-12.9024027391E+00
-224.0000E-06,-12.8875487165E+00
-223.7500E-06,-12.8929704978E+00
-223.5000E-06,-12.8723234923E+00
-223.2500E-06,-12.8805341512E+00
-223.0000E-06,-12.8913181396E+00
-222.7500E-06,-12.8906842341E+00
-222.5000E-06,-12.8947122607E+00
-222.2500E-06,-12.8878916178E+00
-222.0000E-06,-12.8729596893E+00
-221.7500E-06,-12.8875466662E+00
-221.5000E-06,-12.8991612151E+00
-221.2500E-06,-12.8895208616E+00
-221.0000E-06,-12.8871771116E+00
-220.7500E-06,-12.8922919314E+00
-220.5000E-06,-12.8772771108E+00
-220.2500E-06,-12.8897165931E+00
-220.0000E-06,-12.8972338929E+00
-219.7500E-06,-12.8960980971E+00
-219.5000E-06,-12.8958043190E+00
-219.2500E-06,-12.9007286724E+00
-219.0000E-06,-12.8863205424E+00
-218.7500E-06,-12.8835476636E+00
-218.5000E-06,-12.8878793163E+00
-218.2500E-06,-12.8942670916E+00
-218.0000E-06,-12.8997860754E+00
-217.7500E-06,-12.8858493645E+00
-217.5000E-06,-12.8887362888E+00
-217.2500E-06,-12.8900641979E+00
-217.0000E-06,-12.8886439105E+00
-216.7500E-06,-12.8897681284E+00
-216.5000E-06,-12.8895323189E+00
-216.2500E-06,-12.8870171993E+00
-216.0000E-06,-12.8815524041E+00
-215.7500E-06,-12.8928536785E+00
-215.5000E-06,-12.8968216070E+00
-215.2500E-06,-12.8793425990E+00
-215.0000E-06,-12.8882594425E+00
-214.7500E-06,-12.8866569311E+00
-214.5000E-06,-12.9008761249E+00
-214.2500E-06,-12.8741536535E+00
-214.0000E-06,-12.8953535230E+00
-213.7500E-06,-12.8778849660E+00
-213.5000E-06,-12.8738329017E+00
-213.2500E-06,-12.8808553854E+00
-213.0000E-06,-12.8833243969E+00
-212.7500E-06,-12.8880168793E+00
-212.5000E-06,-12.8929661561E+00
-212.2500E-06,-12.8830589191E+00
-212.0000E-06,-12.8813710244E+00
-211.7500E-06,-12.8756738758E+00
-211.5000E-06,-12.8845620572E+00
-211.2500E-06,-12.8885664455E+00
-211.0000E-06,-12.8831082835E+00
-210.7500E-06,-12.8815768451E+00
-210.5000E-06,-12.8889635768E+00
-210.2500E-06,-12.8799007281E+00
-210.0000E-06,-12.8804216736E+00
-209.7500E-06,-12.8864056845E+00
-209.5000E-06,-12.8732656069E+00
-209.2500E-06,-12.8931863700E+00
-209.0000E-06,-12.8742549150E+00
-208.7500E-06,-12.8779275390E+00
-208.5000E-06,-12.8756141395E+00
-208.2500E-06,-12.8793145399E+00
-208.0000E-06,-12.8905799161E+00
-207.7500E-06,-12.8795714549E+00
-207.5000E-06,-12.8830939732E+00
-207.2500E-06,-12.8832965376E+00
-207.0000E-06,-12.8819286710E+00
-206.7500E-06,-12.8808641894E+00
-206.5000E-06,-12.8733248607E+00
-206.2500E-06,-12.8757109801E+00
-206.0000E-06,-12.8889664713E+00
-205.7500E-06,-12.8818862602E+00
-205.5000E-06,-12.8832487410E+00
-205.2500E-06,-12.8754013239E+00
-205.0000E-06,-12.8935861923E+00
-204.7500E-06,-12.8902700186E+00
-204.5000E-06,-12.8907239126E+00
-204.2500E-06,-12.8703012177E+00
-204.0000E-06,-12.8795144511E+00
-203.7500E-06,-12.8783638625E+00
-203.5000E-06,-12.8826118204E+00
-203.2500E-06,-12.8761527723E+00
-203.0000E-06,-12.8705819706E+00
-202.7500E-06,-12.8770072121E+00
-202.5000E-06,-12.8859277943E+00
-202.2500E-06,-12.8756143807E+00
-202.0000E-06,-12.8740616370E+00
-201.7500E-06,-12.8697820020E+00
-201.5000E-06,-12.8937587303E+00
-201.2500E-06,-12.8698842283E+00
-201.0000E-06,-12.8916738249E+00
-200.7500E-06,-12.8771058203E+00
-200.5000E-06,-12.8791043361E+00
-200.2500E-06,-12.8818872250E+00
-200.0000E-06,-12.8741402666E+00
-199.7500E-06,-12.8681545258E+00
-199.5000E-06,-12.8755351067E+00
-199.2500E-06,-12.8706776467E+00
-199.0000E-06,-12.8682044140E+00
-198.7500E-06,-12.8813412354E+00
-198.5000E-06,-12.8665438548E+00
-198.2500E-06,-12.8724728330E+00
-198.0000E-06,-12.8757067590E+00
-197.7500E-06,-12.8650182845E+00
-197.5000E-06,-12.8774270545E+00
-197.2500E-06,-12.8792810537E+00
-197.0000E-06,-12.8727128635E+00
-196.7500E-06,-12.8611591364E+00
-196.5000E-06,-12.8641165306E+00
-196.2500E-06,-12.8722633942E+00
-196.0000E-06,-12.8755004559E+00
-195.7500E-06,-12.8719776965E+00
-195.5000E-06,-12.8795143719E+00
-195.2500E-06,-12.8763058931E+00
-195.0000E-06,-12.8835691310E+00
-194.7500E-06,-12.8706544908E+00
-194.5000E-06,-12.8634926351E+00
-194.2500E-06,-12.8710238834E+00
-194.0000E-06,-12.8517215094E+00
-193.7500E-06,-12.8592376031E+00
-193.5000E-06,-12.8738766392E+00
-193.2500E-06,-12.8679590770E+00
-193.0000E-06,-12.8706932422E+00
-192.7500E-06,-12.8612622069E+00
-192.5000E-06,-12.8619065258E+00
-192.2500E-06,-12.8735835433E+00
-192.0000E-06,-12.8681622858E+00
-191.7500E-06,-12.8695039023E+00
-191.5000E-06,-12.8628678540E+00
-191.2500E-06,-12.8694480253E+00
-191.0000E-06,-12.8703984992E+00
-190.7500E-06,-12.8702921724E+00
-190.5000E-06,-12.8715958818E+00
-190.2500E-06,-12.8676677109E+00
-190.0000E-06,-12.8623471911E+00
-189.7500E-06,-12.8613898013E+00
-189.5000E-06,-12.8559320011E+00
-189.2500E-06,-12.8594088522E+00
-189.0000E-06,-12.8494339982E+00
-188.7500E-06,-12.8544715528E+00
-188.5000E-06,-12.8629661833E+00
-188.2500E-06,-12.8563103183E+00
-188.0000E-06,-12.8623309511E+00
-187.7500E-06,-12.8673234830E+00
-187.5000E-06,-12.8490324875E+00
-187.2500E-06,-12.8584328895E+00
-187.0000E-06,-12.8594283899E+00
-186.7500E-06,-12.8561789060E+00
-186.5000E-06,-12.8516322668E+00
-186.2500E-06,-12.8538800996E+00
-186.0000E-06,-12.8587919517E+00
-185.7500E-06,-12.8581126202E+00
-185.5000E-06,-12.8632733069E+00
-185.2500E-06,-12.8603787055E+00
-185.0000E-06,-12.8554717981E+00
-184.7500E-06,-12.8485522644E+00
-184.5000E-06,-12.8488501430E+00
-184.2500E-06,-12.8619745837E+00
-184.0000E-06,-12.8500242868E+00
-183.7500E-06,-12.8566773779E+00
-183.5000E-06,-12.8638573241E+00
-183.2500E-06,-12.8462129767E+00
-183.0000E-06,-12.8503901027E+00
-182.7500E-06,-12.8637809069E+00
-182.5000E-06,-12.8458570502E+00
-182.2500E-06,-12.8518243387E+00
-182.0000E-06,-12.8516869377E+00
-181.7500E-06,-12.8349379937E+00
-181.5000E-06,-12.8470361011E+00
-181.2500E-06,-12.8490160855E+00
-181.0000E-06,-12.8487499669E+00
-180.7500E-06,-12.8327051911E+00
-180.5000E-06,-12.8641683071E+00
-180.2500E-06,-12.8396721219E+00
-180.0000E-06,-12.8574893277E+00
-179.7500E-06,-12.8518554920E+00
-179.5000E-06,-12.8351056246E+00
-179.2500E-06,-12.8440266101E+00
-179.0000E-06,-12.8360790923E+00
-178.7500E-06,-12.8479376553E+00
-178.5000E-06,-12.8401322458E+00
-178.2500E-06,-12.8384529139E+00
-178.0000E-06,-12.8474137361E+00
-177.7500E-06,-12.8295705592E+00
-177.5000E-06,-12.8463215949E+00
-177.2500E-06,-12.8352408171E+00
-177.0000E-06,-12.8465338490E+00
-176.7500E-06,-12.8313696086E+00
-176.5000E-06,-12.8308562987E+00
-176.2500E-06,-12.8348278038E+00
-176.0000E-06,-12.8272713909E+00
-175.7500E-06,-12.8455202997E+00
-175.5000E-06,-12.8393901629E+00
-175.2500E-06,-12.8318279196E+00
-175.0000E-06,-12.8215629094E+00
-174.7500E-06,-12.8439195597E+00
-174.5000E-06,-12.8033274668E+00
-174.2500E-06,-12.8083854033E+00
-174.0000E-06,-12.8279821207E+00
-173.7500E-06,-12.8337680672E+00
-173.5000E-06,-12.7999762013E+00
-173.2500E-06,-12.8115943268E+00
-173.0000E-06,-12.8112758665E+00
-172.7500E-06,-12.8082264558E+00
-172.5000E-06,-12.8063480571E+00
-172.2500E-06,-12.8100181446E+00
-172.0000E-06,-12.8014633369E+00
-171.7500E-06,-12.8063047605E+00
-171.5000E-06,-12.8044052147E+00
-171.2500E-06,-12.8146307123E+00
-171.0000E-06,-12.7968217453E+00
-170.7500E-06,-12.8067116192E+00
-170.5000E-06,-12.7931675359E+00
-170.2500E-06,-12.7848739057E+00
-170.0000E-06,-12.7810114598E+00
-169.7500E-06,-12.7965882273E+00
-169.5000E-06,-12.7765481951E+00
-169.2500E-06,-12.7756953646E+00
-169.0000E-06,-12.7937379627E+00
-168.7500E-06,-12.7759533612E+00
-168.5000E-06,-12.7654508116E+00
-168.2500E-06,-12.7286258919E+00
-168.0000E-06,-12.7405527917E+00
-167.7500E-06,-12.7475321446E+00
-167.5000E-06,-12.7153881709E+00
-167.2500E-06,-12.7190207923E+00
-167.0000E-06,-12.6991790242E+00
-166.7500E-06,-12.6921487013E+00
-166.5000E-06,-12.6636118263E+00
-166.2500E-06,-12.5696584026E+00
-166.0000E-06,-12.3393848314E+00
-165.7500E-06,-12.1076828131E+00
-165.5000E-06,-11.8616062717E+00
-165.2500E-06,-11.5980649912E+00
-165.0000E-06,-11.2970759847E+00
-164.7500E-06,-11.0060139489E+00
-164.5000E-06,-10.6696817800E+00
-164.2500E-06,-10.3201954567E+00
-164.0000E-06,-9.9444260008E+00
-163.7500E-06,-9.5742586242E+00
-163.5000E-06,-9.1593843014E+00
-163.2500E-06,-8.7455146825E+00
-163.0000E-06,-8.2985328495E+00
-162.7500E-06,-7.8059128476E+00
-162.5000E-06,-7.3273618508E+00
-162.2500E-06,-6.8303420592E+00
-162.0000E-06,-6.2823182321E+00
-161.7500E-06,-5.7032640813E+00
-161.5000E-06,-5.1400540639E+00
-161.2500E-06,-4.5332136460E+00
-161.0000E-06,-3.9072168141E+00
-160.7500E-06,-3.2736335392E+00
-160.5000E-06,-2.5775618107E+00
-160.2500E-06,-1.8825109470E+00
-160.0000E-06,-1.1568383028E+00
-159.7500E-06,-446.6245252E-03
-159.5000E-06,+289.7197881E-03
-159.2500E-06,+1.0838500284E+00
-159.0000E-06,+1.8700443252E+00
-158.7500E-06,+2.7078333456E+00
-158.5000E-06,+3.5795439594E+00
-158.2500E-06,+4.4768314838E+00
-158.0000E-06,+5.3854866068E+00
-157.7500E-06,+6.3011186707E+00
-157.5000E-06,+7.2878974319E+00
-157.2500E-06,+8.2236744490E+00
-157.0000E-06,+9.2175821412E+00
-156.7500E-06,+10.2499042357E+00
-156.5000E-06,+11.2448868191E+00
-156.2500E-06,+12.1680624328E+00
-156.0000E-06,+13.0701078404E+00
-155.7500E-06,+13.4173478761E+00
-155.5000E-06,+13.4733763582E+00
-155.2500E-06,+13.5345720395E+00
-155.0000E-06,+13.6203987327E+00
-154.7500E-06,+13.6603839691E+00
-154.5000E-06,+13.6972778702E+00
-154.2500E-06,+13.7558907772E+00
-154.0000E-06,+13.8234656673E+00
-153.7500E-06,+13.8345691223E+00
-153.5000E-06,+13.8253170961E+00
-153.2500E-06,+13.8259726273E+00
-153.0000E-06,+13.7823552858E+00
-152.7500E-06,+13.8118309815E+00
-152.5000E-06,+13.8184378439E+00
-152.2500E-06,+13.7960089146E+00
-152.0000E-06,+13.8099824471E+00
-151.7500E-06,+13.8322906186E+00
-151.5000E-06,+13.8970435481E+00
-151.2500E-06,+13.9797021647E+00
-151.0000E-06,+13.9627140344E+00
-150.7500E-06,+13.8977648458E+00
-150.5000E-06,+13.8759438961E+00
-150.2500E-06,+13.8418840197E+00
-150.0000E-06,+13.8069986860E+00
-149.7500E-06,+13.8224621694E+00
-149.5000E-06,+13.8240131041E+00
-149.2500E-06,+13.8073002996E+00
-149.0000E-06,+13.8204893007E+00
-148.7500E-06,+13.8385402279E+00
-148.5000E-06,+13.8242815593E+00
-148.2500E-06,+13.8444273153E+00
-148.0000E-06,+13.8524615393E+00
-147.7500E-06,+13.8536927322E+00
-147.5000E-06,+13.8607864471E+00
-147.2500E-06,+13.8578444110E+00
-147.0000E-06,+13.8721597594E+00
-146.7500E-06,+13.8685893240E+00
-146.5000E-06,+13.8672762490E+00
-146.2500E-06,+13.8689642643E+00
-146.0000E-06,+13.8617206019E+00
-145.7500E-06,+13.8612047631E+00
-145.5000E-06,+13.8661022635E+00
-145.2500E-06,+13.8934627823E+00
-145.0000E-06,+13.8705448673E+00
-144.7500E-06,+13.8732145136E+00
-144.5000E-06,+13.8744542618E+00
-144.2500E-06,+13.8760975823E+00
-144.0000E-06,+13.8694266796E+00
-143.7500E-06,+13.8822714905E+00
-143.5000E-06,+13.8799390772E+00
-143.2500E-06,+13.8960636885E+00
-143.0000E-06,+13.8871554456E+00
-142.7500E-06,+13.8948564165E+00
-142.5000E-06,+13.8795005036E+00
-142.2500E-06,+13.8795783680E+00
-142.0000E-06,+13.8872456530E+00
-141.7500E-06,+13.8765023870E+00
-141.5000E-06,+13.8928068479E+00
-141.2500E-06,+13.8869608372E+00
-141.0000E-06,+13.9121553262E+00
-140.7500E-06,+13.8894398588E+00
-140.5000E-06,+13.8810393365E+00
-140.2500E-06,+13.8853233132E+00
-140.0000E-06,+13.8824953639E+00
-139.7500E-06,+13.8753910736E+00
-139.5000E-06,+13.8844028281E+00
-139.2500E-06,+13.8769166816E+00
-139.0000E-06,+13.8877106801E+00
-138.7500E-06,+13.8808545799E+00
-138.5000E-06,+13.8985104261E+00
-138.2500E-06,+13.8912369370E+00
-138.0000E-06,+13.8867598821E+00
-137.7500E-06,+13.8816080409E+00
-137.5000E-06,+13.8948694002E+00
-137.2500E-06,+13.8754726353E+00
-137.0000E-06,+13.9059499821E+00
-136.7500E-06,+13.8891899388E+00
-136.5000E-06,+13.8787232875E+00
-136.2500E-06,+13.8866948393E+00
-136.0000E-06,+13.8714442092E+00
-135.7500E-06,+13.8907121736E+00
-135.5000E-06,+13.8829082905E+00
-135.2500E-06,+13.8809765060E+00
-135.0000E-06,+13.8872102786E+00
-134.7500E-06,+13.8918699984E+00
-134.5000E-06,+13.8813219399E+00
-134.2500E-06,+13.8888212322E+00
-134.0000E-06,+13.9063106497E+00
-133.7500E-06,+13.8875920895E+00
-133.5000E-06,+13.8812590680E+00
-133.2500E-06,+13.8936982262E+00
-133.0000E-06,+13.8909391790E+00
-132.7500E-06,+13.8844537603E+00
-132.5000E-06,+13.8780328191E+00
-132.2500E-06,+13.8808998852E+00
-132.0000E-06,+13.8838725961E+00
-131.7500E-06,+13.8945869588E+00
-131.5000E-06,+13.8790907919E+00
-131.2500E-06,+13.8940821740E+00
-131.0000E-06,+13.8833792686E+00
-130.7500E-06,+13.8822065306E+00
-130.5000E-06,+13.8840887095E+00
-130.2500E-06,+13.8883046660E+00
-130.0000E-06,+13.8815865358E+00
-129.7500E-06,+13.8844554073E+00
-129.5000E-06,+13.8827035929E+00
-129.2500E-06,+13.8859151697E+00
-129.0000E-06,+13.8943122322E+00
-128.7500E-06,+13.8807669880E+00
-128.5000E-06,+13.8805411058E+00
-128.2500E-06,+13.8871468413E+00
-128.0000E-06,+13.8869544452E+00
-127.7500E-06,+13.8746774117E+00
-127.5000E-06,+13.8911009418E+00
-127.2500E-06,+13.8680695053E+00
-127.0000E-06,+13.8683765083E+00
-126.7500E-06,+13.8774227515E+00
-126.5000E-06,+13.8846287480E+00
-126.2500E-06,+13.8863350121E+00
-126.0000E-06,+13.8839859593E+00
-125.7500E-06,+13.8791615407E+00
-125.5000E-06,+13.8982352209E+00
-125.2500E-06,+13.8899148960E+00
-125.0000E-06,+13.8940919429E+00
-124.7500E-06,+13.8848123777E+00
-124.5000E-06,+13.8797533558E+00
-124.2500E-06,+13.8750425040E+00
-124.0000E-06,+13.8910793953E+00
-123.7500E-06,+13.8895039368E+00
-123.5000E-06,+13.8640672878E+00
-123.2500E-06,+13.8801302672E+00
-123.0000E-06,+13.8828700216E+00
-122.7500E-06,+13.8906952892E+00
-122.5000E-06,+13.8804153619E+00
-122.2500E-06,+13.8981751228E+00
-122.0000E-06,+13.8771941820E+00
-121.7500E-06,+13.8765631258E+00
-121.5000E-06,+13.8743471737E+00
-121.2500E-06,+13.8986537781E+00
-121.0000E-06,+13.8928755050E+00
-120.7500E-06,+13.8783763649E+00
-120.5000E-06,+13.8866888920E+00
-120.2500E-06,+13.8740699559E+00
-120.0000E-06,+13.8834591871E+00
-119.7500E-06,+13.8753462092E+00
-119.5000E-06,+13.8918562081E+00
-119.2500E-06,+13.8824606717E+00
-119.0000E-06,+13.8824466402E+00
-118.7500E-06,+13.8768364051E+00
-118.5000E-06,+13.8874292035E+00
-118.2500E-06,+13.8860965117E+00
-118.0000E-06,+13.8733732990E+00
-117.7500E-06,+13.8683738174E+00
-117.5000E-06,+13.8780955327E+00
-117.2500E-06,+13.8714077908E+00
-117.0000E-06,+13.8807196701E+00
-116.7500E-06,+13.8758232138E+00
-116.5000E-06,+13.8748829497E+00
-116.2500E-06,+13.8846319629E+00
-116.0000E-06,+13.8649862466E+00
-115.7500E-06,+13.8167408587E+00
-115.5000E-06,+13.8245026551E+00
-115.2500E-06,+13.8298626914E+00
-115.0000E-06,+13.8291696488E+00
-114.7500E-06,+13.8344955167E+00
-114.5000E-06,+13.8418395549E+00
-114.2500E-06,+13.8532716386E+00
-114.0000E-06,+13.8478408534E+00
-113.7500E-06,+13.8476887766E+00
-113.5000E-06,+13.8432630986E+00
-113.2500E-06,+13.8364086491E+00
-113.0000E-06,+13.8433208261E+00
-112.7500E-06,+13.8355765209E+00
-112.5000E-06,+13.8383377012E+00
-112.2500E-06,+13.8399974577E+00
-112.0000E-06,+13.8442348024E+00
-111.7500E-06,+13.8320877301E+00
-111.5000E-06,+13.8148439323E+00
-111.2500E-06,+13.8277922961E+00
-111.0000E-06,+13.8328702527E+00
-110.7500E-06,+13.8368393044E+00
-110.5000E-06,+13.8313492654E+00
-110.2500E-06,+13.8347814933E+00
-110.0000E-06,+13.8272018077E+00
-109.7500E-06,+13.8181707153E+00
-109.5000E-06,+13.8236095017E+00
-109.2500E-06,+13.8013573277E+00
-109.0000E-06,+13.8227300178E+00
-108.7500E-06,+13.8131795100E+00
-108.5000E-06,+13.8350960980E+00
-108.2500E-06,+13.8108389786E+00
-108.0000E-06,+13.8046478204E+00
-107.7500E-06,+13.8105646176E+00
-107.5000E-06,+13.8272681395E+00
-107.2500E-06,+13.8217131293E+00
-107.0000E-06,+13.8209118755E+00
-106.7500E-06,+13.8073180659E+00
-106.5000E-06,+13.8101944600E+00
-106.2500E-06,+13.8044450073E+00
-106.0000E-06,+13.8207861353E+00
-105.7500E-06,+13.7878326653E+00
-105.5000E-06,+13.7797813156E+00
-105.2500E-06,+13.7885082995E+00
-105.0000E-06,+13.7826608002E+00
-104.7500E-06,+13.7592707500E+00
-104.5000E-06,+13.7939756689E+00
-104.2500E-06,+13.7573824090E+00
-104.0000E-06,+13.7871256742E+00
-103.7500E-06,+13.7669378314E+00
-103.5000E-06,+13.7608716483E+00
-103.2500E-06,+13.7626877781E+00
-103.0000E-06,+13.7815053121E+00
-102.7500E-06,+13.7636834028E+00
-102.5000E-06,+13.7764804586E+00
-102.2500E-06,+13.7506525050E+00
-102.0000E-06,+13.7724946808E+00
-101.7500E-06,+13.7478600470E+00
-101.5000E-06,+13.7489079682E+00
-101.2500E-06,+13.7536051580E+00
-101.0000E-06,+13.7476224662E+00
-100.7500E-06,+13.7360849413E+00
-100.5000E-06,+13.7425409367E+00
-100.2500E-06,+13.7219837767E+00
-100.0000E-06,+13.7245050471E+00
-99.7500E-06,+13.7095413132E+00
-99.5000E-06,+13.7266941536E+00
-99.2500E-06,+13.7222380384E+00
-99.0000E-06,+13.7265499084E+00
-98.7500E-06,+13.7073387896E+00
-98.5000E-06,+13.6978545721E+00
-98.2500E-06,+13.6836343721E+00
-98.0000E-06,+13.6761614920E+00
-97.7500E-06,+13.7051950336E+00
-97.5000E-06,+13.6849060839E+00
-97.2500E-06,+13.6746330310E+00
-97.0000E-06,+13.6703705216E+00
-96.7500E-06,+13.6730264606E+00
-96.5000E-06,+13.6749168405E+00
-96.2500E-06,+13.6693417763E+00
-96.0000E-06,+13.6544293440E+00
-95.7500E-06,+13.6723313301E+00
-95.5000E-06,+13.6633429312E+00
-95.2500E-06,+13.6562178217E+00
-95.0000E-06,+13.6561117701E+00
-94.7500E-06,+13.6402094719E+00
-94.5000E-06,+13.6353771312E+00
-94.2500E-06,+13.6082982510E+00
-94.0000E-06,+13.6028148489E+00
-93.7500E-06,+13.5816040008E+00
-93.5000E-06,+13.5545396306E+00
-93.2500E-06,+13.5328936310E+00
-93.0000E-06,+13.5143536766E+00
-92.7500E-06,+13.4887833201E+00
-92.5000E-06,+13.4705043435E+00
-92.2500E-06,+13.4460257174E+00
-92.0000E-06,+13.3399225795E+00
-91.7500E-06,+13.2603373774E+00
-91.5000E-06,+13.0063484816E+00
-91.2500E-06,+12.5747523882E+00
-91.0000E-06,+12.5577110229E+00
-90.7500E-06,+12.8481487788E+00
-90.5000E-06,+12.7609430029E+00
-90.2500E-06,+12.6607205980E+00
-90.0000E-06,+12.5846645775E+00
-89.7500E-06,+12.4696863663E+00
-89.5000E-06,+12.3292150072E+00
-89.2500E-06,+12.2118124378E+00
-89.0000E-06,+12.0478911378E+00
-88.7500E-06,+11.8834433822E+00
-88.5000E-06,+11.7525111189E+00
-88.2500E-06,+11.6046025859E+00
-88.0000E-06,+11.4132545182E+00
-87.7500E-06,+11.2454594281E+00
-87.5000E-06,+10.9800381810E+00
-87.2500E-06,+10.6704021090E+00
-87.0000E-06,+10.4235329935E+00
-86.7500E-06,+10.1491823149E+00
-86.5000E-06,+9.8431208656E+00
-86.2500E-06,+9.5678463627E+00
-86.0000E-06,+9.2283373959E+00
-85.7500E-06,+8.9172164648E+00
-85.5000E-06,+8.5503187920E+00
-85.2500E-06,+8.1961234298E+00
-85.0000E-06,+7.8362642809E+00
-84.7500E-06,+7.4369696992E+00
-84.5000E-06,+7.0037484586E+00
-84.2500E-06,+6.5583677689E+00
-84.0000E-06,+6.1270542375E+00
-83.7500E-06,+5.6304236966E+00
-83.5000E-06,+5.1311228649E+00
-83.2500E-06,+4.6295744379E+00
-83.0000E-06,+4.0822729147E+00
-82.7500E-06,+3.5122858751E+00
-82.5000E-06,+2.9519428410E+00
-82.2500E-06,+2.3730271841E+00
-82.0000E-06,+1.7404293165E+00
-81.7500E-06,+1.1101824690E+00
-81.5000E-06,+432.9254216E-03
-81.2500E-06,-190.4047414E-03
-81.0000E-06,-856.9476335E-03
-80.7500E-06,-1.5780902402E+00
-80.5000E-06,-2.3163465553E+00
-80.2500E-06,-3.1070767237E+00
-80.0000E-06,-3.8902544590E+00
-79.7500E-06,-4.6950774703E+00
-79.5000E-06,-5.5286959978E+00
-79.2500E-06,-6.3780654439E+00
-79.0000E-06,-7.2547578974E+00
-78.7500E-06,-8.1662775539E+00
-78.5000E-06,-9.1020482582E+00
-78.2500E-06,-10.0162224065E+00
-78.0000E-06,-10.9766363112E+00
-77.7500E-06,-11.8292534999E+00
-77.5000E-06,-12.3461457606E+00
-77.2500E-06,-12.5458383040E+00
-77.0000E-06,-12.6405923295E+00
-76.7500E-06,-12.6665619429E+00
-76.5000E-06,-12.6620828000E+00
-76.2500E-06,-12.6855069846E+00
-76.0000E-06,-12.6942627889E+00
-75.7500E-06,-12.7062175104E+00
-75.5000E-06,-12.7113503754E+00
-75.2500E-06,-12.7101077742E+00
-75.0000E-06,-12.7585939840E+00
-74.7500E-06,-12.7579960673E+00
-74.5000E-06,-12.7503218966E+00
-74.2500E-06,-12.7627857860E+00
-74.0000E-06,-12.7838471314E+00
-73.7500E-06,-12.7897507000E+00
-73.5000E-06,-12.7729841969E+00
-73.2500E-06,-12.8318542940E+00
-73.0000E-06,-12.8094598196E+00
-72.7500E-06,-12.8029963507E+00
-72.5000E-06,-12.8247862601E+00
-72.2500E-06,-12.8323682748E+00
-72.0000E-06,-12.8089668087E+00
-71.7500E-06,-12.8277117321E+00
-71.5000E-06,-12.8351981650E+00
-71.2500E-06,-12.8372158944E+00
-71.0000E-06,-12.8515415732E+00
-70.7500E-06,-12.8574387950E+00
-70.5000E-06,-12.8567574585E+00
-70.2500E-06,-12.8603385032E+00
-70.0000E-06,-12.8566916091E+00
-69.7500E-06,-12.8550480926E+00
-69.5000E-06,-12.8528633354E+00
-69.2500E-06,-12.8674955385E+00
-69.0000E-06,-12.8487107332E+00
-68.7500E-06,-12.8678619952E+00
-68.5000E-06,-12.8642257933E+00
-68.2500E-06,-12.8755009383E+00
-68.0000E-06,-12.8657850458E+00
-67.7500E-06,-12.8759195747E+00
-67.5000E-06,-12.8627700071E+00
-67.2500E-06,-12.8725144825E+00
-67.0000E-06,-12.8798736753E+00
-66.7500E-06,-12.8736954555E+00
-66.5000E-06,-12.8702738030E+00
-66.2500E-06,-12.8826411270E+00
-66.0000E-06,-12.8758643422E+00
-65.7500E-06,-12.8760273487E+00
-65.5000E-06,-12.8837955333E+00
-65.2500E-06,-12.8830974292E+00
-65.0000E-06,-12.8694253519E+00
-64.7500E-06,-12.8859140455E+00
-64.5000E-06,-12.8682891566E+00
-64.2500E-06,-12.8881772326E+00
-64.0000E-06,-12.8765197528E+00
-63.7500E-06,-12.8844791651E+00
-63.5000E-06,-12.8927915340E+00
-63.2500E-06,-12.8781765771E+00
-63.0000E-06,-12.8899634151E+00
-62.7500E-06,-12.8712152769E+00
-62.5000E-06,-12.8930240457E+00
-62.2500E-06,-12.8694036396E+00
-62.0000E-06,-12.8854610787E+00
-61.7500E-06,-12.8771224221E+00
-61.5000E-06,-12.8713729392E+00
-61.2500E-06,-12.8820792215E+00
-61.0000E-06,-12.8762816104E+00
-60.7500E-06,-12.8925884043E+00
-60.5000E-06,-12.8751603662E+00
-60.2500E-06,-12.8968421473E+00
-60.0000E-06,-12.8889600416E+00
-59.7500E-06,-12.8934651896E+00
-59.5000E-06,-12.8767041099E+00
-59.2500E-06,-12.8837194742E+00
-59.0000E-06,-12.8879002183E+00
-58.7500E-06,-12.8840517662E+00
-58.5000E-06,-12.8967328468E+00
-58.2500E-06,-12.8866992214E+00
-58.0000E-06,-12.8725625203E+00
-57.7500E-06,-12.8835031233E+00
-57.5000E-06,-12.8819324474E+00
-57.2500E-06,-12.8890237578E+00
-57.0000E-06,-12.8818683732E+00
-56.7500E-06,-12.9028599233E+00
-56.5000E-06,-12.8696750722E+00
-56.2500E-06,-12.8789147592E+00
-56.0000E-06,-12.8886493753E+00
-55.7500E-06,-12.8754934986E+00
-55.5000E-06,-12.8839316491E+00
-55.2500E-06,-12.8886002898E+00
-55.0000E-06,-12.8804930707E+00
-54.7500E-06,-12.8933437082E+00
-54.5000E-06,-12.8757356209E+00
-54.2500E-06,-12.8889390529E+00
-54.0000E-06,-12.8772771108E+00
-53.7500E-06,-12.8816344557E+00
-53.5000E-06,-12.8888787551E+00
-53.2500E-06,-12.8925285059E+00
-53.0000E-06,-12.8709186797E+00
-52.7500E-06,-12.8855447736E+00
-52.5000E-06,-12.8935820918E+00
-52.2500E-06,-12.8761455776E+00
-52.0000E-06,-12.8852523598E+00
-51.7500E-06,-12.8709924926E+00
-51.5000E-06,-12.8865613380E+00
-51.2500E-06,-12.8894570286E+00
-51.0000E-06,-12.8738062899E+00
-50.7500E-06,-12.8981672826E+00
-50.5000E-06,-12.8912544612E+00
-50.2500E-06,-12.8928677062E+00
-50.0000E-06,-12.8967559951E+00
-49.7500E-06,-12.8856453567E+00
-49.5000E-06,-12.8978530434E+00
-49.2500E-06,-12.8939615773E+00
-49.0000E-06,-12.8909003852E+00
-48.7500E-06,-12.8866992214E+00
-48.5000E-06,-12.8765978208E+00
-48.2500E-06,-12.8720518637E+00
-48.0000E-06,-12.8837932871E+00
-47.7500E-06,-12.8810344322E+00
-47.5000E-06,-12.8721379329E+00
-47.2500E-06,-12.8815561843E+00
-47.0000E-06,-12.8867659527E+00
-46.7500E-06,-12.8668735689E+00
-46.5000E-06,-12.8884580308E+00
-46.2500E-06,-12.8796129801E+00
-46.0000E-06,-12.8713491389E+00
-45.7500E-06,-12.8768295297E+00
-45.5000E-06,-12.8732533882E+00
-45.2500E-06,-12.8923491388E+00
-45.0000E-06,-12.8815487069E+00
-44.7500E-06,-12.8698059191E+00
-44.5000E-06,-12.8740659787E+00
-44.2500E-06,-12.8866797252E+00
-44.0000E-06,-12.8838252809E+00
-43.7500E-06,-12.8835187188E+00
-43.5000E-06,-12.8702658432E+00
-43.2500E-06,-12.8711432316E+00
-43.0000E-06,-12.8745276252E+00
-42.7500E-06,-12.8804052301E+00
-42.5000E-06,-12.8763308957E+00
-42.2500E-06,-12.8676010626E+00
-42.0000E-06,-12.8734681298E+00
-41.7500E-06,-12.8659311340E+00
-41.5000E-06,-12.8735211161E+00
-41.2500E-06,-12.8676858805E+00
-41.0000E-06,-12.8863906468E+00
-40.7500E-06,-12.8683229632E+00
-40.5000E-06,-12.8838946692E+00
-40.2500E-06,-12.8773723044E+00
-40.0000E-06,-12.8775263449E+00
-39.7500E-06,-12.8706512760E+00
-39.5000E-06,-12.8695328471E+00
-39.2500E-06,-12.8648148382E+00
-39.0000E-06,-12.8795232966E+00
-38.7500E-06,-12.8650405961E+00
-38.5000E-06,-12.8678550002E+00
-38.2500E-06,-12.8701408229E+00
-38.0000E-06,-12.8738810601E+00
-37.7500E-06,-12.8704768084E+00
-37.5000E-06,-12.8789130707E+00
-37.2500E-06,-12.8669017072E+00
-37.0000E-06,-12.8608606133E+00
-36.7500E-06,-12.8713920737E+00
-36.5000E-06,-12.8650149906E+00
-36.2500E-06,-12.8700081217E+00
-36.0000E-06,-12.8643200221E+00
-35.7500E-06,-12.8744711490E+00
-35.5000E-06,-12.8804609111E+00
-35.2500E-06,-12.8589443451E+00
-35.0000E-06,-12.8797398886E+00
-34.7500E-06,-12.8808621769E+00
-34.5000E-06,-12.8727000004E+00
-34.2500E-06,-12.8667897912E+00
-34.0000E-06,-12.8679511586E+00
-33.7500E-06,-12.8695490041E+00
-33.5000E-06,-12.8723146506E+00
-33.2500E-06,-12.8646054748E+00
-33.0000E-06,-12.8712846539E+00
-32.7500E-06,-12.8587322531E+00
-32.5000E-06,-12.8657841639E+00
-32.2500E-06,-12.8687405933E+00
-32.0000E-06,-12.8622438002E+00
-31.7500E-06,-12.8658488035E+00
-31.5000E-06,-12.8677190464E+00
-31.2500E-06,-12.8787714825E+00
-31.0000E-06,-12.8745494996E+00
-30.7500E-06,-12.8652965463E+00
-30.5000E-06,-12.8573946994E+00
-30.2500E-06,-12.8641404892E+00
-30.0000E-06,-12.8621635651E+00
-29.7500E-06,-12.8617875356E+00
-29.5000E-06,-12.8597578628E+00
-29.2500E-06,-12.8624971762E+00
-29.0000E-06,-12.8708561281E+00
-28.7500E-06,-12.8622947287E+00
-28.5000E-06,-12.8617090682E+00
-28.2500E-06,-12.8603387067E+00
-28.0000E-06,-12.8633195356E+00
-27.7500E-06,-12.8602744252E+00
-27.5000E-06,-12.8643401176E+00
-27.2500E-06,-12.8585185140E+00
-27.0000E-06,-12.8505747048E+00
-26.7500E-06,-12.8523546536E+00
-26.5000E-06,-12.8603012782E+00
-26.2500E-06,-12.8480081215E+00
-26.0000E-06,-12.8649427907E+00
-25.7500E-06,-12.8614598303E+00
-25.5000E-06,-12.8600952955E+00
-25.2500E-06,-12.8666799292E+00
-25.0000E-06,-12.8592006986E+00
-24.7500E-06,-12.8644717334E+00
-24.5000E-06,-12.8623143078E+00
-24.2500E-06,-12.8487586089E+00
-24.0000E-06,-12.8636586605E+00
-23.7500E-06,-12.8535167748E+00
-23.5000E-06,-12.8574349809E+00
-23.2500E-06,-12.8555382882E+00
-23.0000E-06,-12.8616356623E+00
-22.7500E-06,-12.8666578588E+00
-22.5000E-06,-12.8604095008E+00
-22.2500E-06,-12.8616565605E+00
-22.0000E-06,-12.8600918432E+00
-21.7500E-06,-12.8552337764E+00
-21.5000E-06,-12.8538077791E+00
-21.2500E-06,-12.8560111507E+00
-21.0000E-06,-12.8604552471E+00
-20.7500E-06,-12.8577605116E+00
-20.5000E-06,-12.8511730286E+00
-20.2500E-06,-12.8626044716E+00
-20.0000E-06,-12.8513884976E+00
-19.7500E-06,-12.8515147616E+00
-19.5000E-06,-12.8519263690E+00
-19.2500E-06,-12.8641848297E+00
-19.0000E-06,-12.8412797816E+00
-18.7500E-06,-12.8521202462E+00
-18.5000E-06,-12.8421330493E+00
-18.2500E-06,-12.8425943867E+00
-18.0000E-06,-12.8498766760E+00
-17.7500E-06,-12.8470365458E+00
-17.5000E-06,-12.8403289798E+00
-17.2500E-06,-12.8604561591E+00
-17.0000E-06,-12.8325444346E+00
-16.7500E-06,-12.8351691788E+00
-16.5000E-06,-12.8459013493E+00
-16.2500E-06,-12.8432636252E+00
-16.0000E-06,-12.8323558187E+00
-15.7500E-06,-12.8526673212E+00
-15.5000E-06,-12.8471798526E+00
-15.2500E-06,-12.8242387818E+00
-15.0000E-06,-12.8400115710E+00
-14.7500E-06,-12.8211039124E+00
-14.5000E-06,-12.8401498539E+00
-14.2500E-06,-12.8319244776E+00
-14.0000E-06,-12.8419506331E+00
-13.7500E-06,-12.8357995529E+00
-13.5000E-06,-12.8395728240E+00
-13.2500E-06,-12.8370995198E+00
-13.0000E-06,-12.8256228958E+00
-12.7500E-06,-12.8319973219E+00
-12.5000E-06,-12.8410902762E+00
-12.2500E-06,-12.8305822656E+00
-12.0000E-06,-12.8195074237E+00
-11.7500E-06,-12.8391283070E+00
-11.5000E-06,-12.8426909371E+00
-11.2500E-06,-12.8291041678E+00
-11.0000E-06,-12.8388322713E+00
-10.7500E-06,-12.8182567873E+00
-10.5000E-06,-12.8025180836E+00
-10.2500E-06,-12.8068304134E+00
-10.0000E-06,-12.8091928870E+00
-9.7500E-06,-12.8185434083E+00
-9.5000E-06,-12.8382152879E+00
-9.2500E-06,-12.7986141991E+00
-9.0000E-06,-12.7791814116E+00
-8.7500E-06,-12.8039230619E+00
-8.5000E-06,-12.8113328703E+00
-8.2500E-06,-12.8145721783E+00
-8.0000E-06,-12.7895232913E+00
-7.7500E-06,-12.7959396082E+00
-7.5000E-06,-12.7704349729E+00
-7.2500E-06,-12.7870502283E+00
-7.0000E-06,-12.7908857345E+00
-6.7500E-06,-12.7943256734E+00
-6.5000E-06,-12.7797785445E+00
-6.2500E-06,-12.7508167580E+00
-6.0000E-06,-12.7446468599E+00
-5.7500E-06,-12.7480419156E+00
-5.5000E-06,-12.7416458977E+00
-5.2500E-06,-12.7422627530E+00
-5.0000E-06,-12.7252292382E+00
-4.7500E-06,-12.7273085167E+00
-4.5000E-06,-12.6852871325E+00
-4.2500E-06,-12.6919756018E+00
-4.0000E-06,-12.6824201907E+00
-3.7500E-06,-12.6350053218E+00
-3.5000E-06,-12.4515234740E+00
-3.2500E-06,-12.2313863914E+00
-3.0000E-06,-11.9828639943E+00
-2.7500E-06,-11.7121361005E+00
-2.5000E-06,-11.4429978550E+00
-2.2500E-06,-11.1401742437E+00
-2.0000E-06,-10.8426282892E+00
-1.7500E-06,-10.4730845706E+00
-1.5000E-06,-10.1321818303E+00
-1.2500E-06,-9.7544413185E+00
-1.0000E-06,-9.3574697882E+00
-750.0E-09,-8.9457142116E+00
-500.0E-09,-8.5218507324E+00
-250.0E-09,-8.0533417241E+00
+0.0E+00,-7.5827481232E+00
+250.0E-09,-7.0692107762E+00
+500.0E-09,-6.5623100316E+00
+750.0E-09,-5.9831681230E+00
+1.0000E-06,-5.4236946946E+00
+1.2500E-06,-4.8191805317E+00
+1.5000E-06,-4.2087624422E+00
+1.7500E-06,-3.5827911254E+00
+2.0000E-06,-2.9248077032E+00
+2.2500E-06,-2.2154508227E+00
+2.5000E-06,-1.5212861137E+00
+2.7500E-06,-808.0501780E-03
+3.0000E-06,-55.0554572E-03
+3.2500E-06,+689.7243269E-03
+3.5000E-06,+1.4740445289E+00
+3.7500E-06,+2.3048023408E+00
+4.0000E-06,+3.1538122423E+00
+4.2500E-06,+4.0373445598E+00
+4.5000E-06,+4.9469948553E+00
+4.7500E-06,+5.8848097953E+00
+5.0000E-06,+6.8021003983E+00
+5.2500E-06,+7.7891861248E+00
+5.5000E-06,+8.7366301946E+00
+5.7500E-06,+9.7567726652E+00
+6.0000E-06,+10.7530250572E+00
+6.2500E-06,+11.7301520491E+00
+6.5000E-06,+12.6291936642E+00
+6.7500E-06,+13.3262617410E+00
+7.0000E-06,+13.4398349738E+00
+7.2500E-06,+13.5012820186E+00
+7.5000E-06,+13.5575375588E+00
+7.7500E-06,+13.6541282882E+00
+8.0000E-06,+13.6928603555E+00
+8.2500E-06,+13.7532202528E+00
+8.5000E-06,+13.7970585620E+00
+8.7500E-06,+13.8239772849E+00
+9.0000E-06,+13.8360225304E+00
+9.2500E-06,+13.8353770847E+00
+9.5000E-06,+13.8292571238E+00
+9.7500E-06,+13.8277873099E+00
+10.0000E-06,+13.8056640608E+00
+10.2500E-06,+13.7966201053E+00
+10.5000E-06,+13.8249730642E+00
+10.7500E-06,+13.8450746832E+00
+11.0000E-06,+13.8623300288E+00
+11.2500E-06,+13.9449131515E+00
+11.5000E-06,+13.9867390755E+00
+11.7500E-06,+13.9261229567E+00
+12.0000E-06,+13.8789701887E+00
+12.2500E-06,+13.8647701294E+00
+12.5000E-06,+13.8414427062E+00
+12.7500E-06,+13.8138651883E+00
+13.0000E-06,+13.8251243006E+00
+13.2500E-06,+13.8128696427E+00
+13.5000E-06,+13.8235701888E+00
+13.7500E-06,+13.8275275042E+00
+14.0000E-06,+13.8363053789E+00
+14.2500E-06,+13.8601605089E+00
+14.5000E-06,+13.8570356760E+00
+14.7500E-06,+13.8536955438E+00
+15.0000E-06,+13.8557275043E+00
+15.2500E-06,+13.8615989509E+00
+15.5000E-06,+13.8534467544E+00
+15.7500E-06,+13.8660218663E+00
+16.0000E-06,+13.8612858047E+00
+16.2500E-06,+13.8727642001E+00
+16.5000E-06,+13.8667665987E+00
+16.7500E-06,+13.8796022852E+00
+17.0000E-06,+13.8601480039E+00
+17.2500E-06,+13.8683003286E+00
+17.5000E-06,+13.8620623725E+00
+17.7500E-06,+13.8670245539E+00
+18.0000E-06,+13.8890288996E+00
+18.2500E-06,+13.8822546098E+00
+18.5000E-06,+13.8836109775E+00
+18.7500E-06,+13.8916361940E+00
+19.0000E-06,+13.8817626090E+00
+19.2500E-06,+13.8723880123E+00
+19.5000E-06,+13.8818097234E+00
+19.7500E-06,+13.8785866818E+00
+20.0000E-06,+13.8731205298E+00
+20.2500E-06,+13.8777581830E+00
+20.5000E-06,+13.8665413986E+00
+20.7500E-06,+13.8832287219E+00
+21.0000E-06,+13.8973776831E+00
+21.2500E-06,+13.8843122965E+00
+21.5000E-06,+13.8830769691E+00
+21.7500E-06,+13.8958493879E+00
+22.0000E-06,+13.8686135162E+00
+22.2500E-06,+13.8979798361E+00
+22.5000E-06,+13.8834488152E+00
+22.7500E-06,+13.8943987009E+00
+23.0000E-06,+13.8719851335E+00
+23.2500E-06,+13.8897452525E+00
+23.5000E-06,+13.8855997245E+00
+23.7500E-06,+13.9028421580E+00
+24.0000E-06,+13.8813848873E+00
+24.2500E-06,+13.8890907652E+00
+24.5000E-06,+13.8894857332E+00
+24.7500E-06,+13.8908074426E+00
+25.0000E-06,+13.8932681740E+00
+25.2500E-06,+13.8993292465E+00
+25.5000E-06,+13.8965301214E+00
+25.7500E-06,+13.9020157395E+00
+26.0000E-06,+13.8864916756E+00
+26.2500E-06,+13.8912348114E+00
+26.5000E-06,+13.8794690638E+00
+26.7500E-06,+13.8900503711E+00
+27.0000E-06,+13.8910080020E+00
+27.2500E-06,+13.8777722031E+00
+27.5000E-06,+13.8823557921E+00
+27.7500E-06,+13.8877685697E+00
+28.0000E-06,+13.8846577719E+00
+28.2500E-06,+13.8719223331E+00
+28.5000E-06,+13.8821477214E+00
+28.7500E-06,+13.9052068175E+00
+29.0000E-06,+13.8922591698E+00
+29.2500E-06,+13.8930947202E+00
+29.5000E-06,+13.8859410202E+00
+29.7500E-06,+13.8847568965E+00
+30.0000E-06,+13.8904302523E+00
+30.2500E-06,+13.8890938595E+00
+30.5000E-06,+13.8925301125E+00
+30.7500E-06,+13.8888706342E+00
+31.0000E-06,+13.8789005667E+00
+31.2500E-06,+13.8962780230E+00
+31.5000E-06,+13.8967476029E+00
+31.7500E-06,+13.8901062857E+00
+32.0000E-06,+13.8831205408E+00
+32.2500E-06,+13.9000446761E+00
+32.5000E-06,+13.8855781779E+00
+32.7500E-06,+13.9032181385E+00
+33.0000E-06,+13.8760208372E+00
+33.2500E-06,+13.8833741618E+00
+33.5000E-06,+13.8893127053E+00
+33.7500E-06,+13.8939429979E+00
+34.0000E-06,+13.8888250048E+00
+34.2500E-06,+13.8901540031E+00
+34.5000E-06,+13.8801186893E+00
+34.7500E-06,+13.8737414855E+00
+35.0000E-06,+13.8893688273E+00
+35.2500E-06,+13.8795957349E+00
+35.5000E-06,+13.9025934025E+00
+35.7500E-06,+13.9032644086E+00
+36.0000E-06,+13.8968581509E+00
+36.2500E-06,+13.8776874642E+00
+36.5000E-06,+13.8823944643E+00
+36.7500E-06,+13.8849588277E+00
+37.0000E-06,+13.8761001187E+00
+37.2500E-06,+13.8894888953E+00
+37.5000E-06,+13.8728690382E+00
+37.7500E-06,+13.8878725673E+00
+38.0000E-06,+13.8905814134E+00
+38.2500E-06,+13.8832575461E+00
+38.5000E-06,+13.8769352130E+00
+38.7500E-06,+13.8758582302E+00
+39.0000E-06,+13.9034280257E+00
+39.2500E-06,+13.8851009699E+00
+39.5000E-06,+13.8733113881E+00
+39.7500E-06,+13.8871767546E+00
+40.0000E-06,+13.8801205398E+00
+40.2500E-06,+13.8671178292E+00
+40.5000E-06,+13.8712088031E+00
+40.7500E-06,+13.8992587464E+00
+41.0000E-06,+13.8861530331E+00
+41.2500E-06,+13.8692908050E+00
+41.5000E-06,+13.8925540673E+00
+41.7500E-06,+13.8873155124E+00
+42.0000E-06,+13.8735202766E+00
+42.2500E-06,+13.8922003192E+00
+42.5000E-06,+13.8752074402E+00
+42.7500E-06,+13.8811483203E+00
+43.0000E-06,+13.8907381862E+00
+43.2500E-06,+13.8726376496E+00
+43.5000E-06,+13.8794241241E+00
+43.7500E-06,+13.8792012192E+00
+44.0000E-06,+13.8925749769E+00
+44.2500E-06,+13.8790128445E+00
+44.5000E-06,+13.8801605800E+00
+44.7500E-06,+13.8893065131E+00
+45.0000E-06,+13.8894461678E+00
+45.2500E-06,+13.8693252975E+00
+45.5000E-06,+13.8728801337E+00
+45.7500E-06,+13.8964354479E+00
+46.0000E-06,+13.8816227130E+00
+46.2500E-06,+13.8725916169E+00
+46.5000E-06,+13.8766203708E+00
+46.7500E-06,+13.8370986691E+00
+47.0000E-06,+13.7973750964E+00
+47.2500E-06,+13.8303869761E+00
+47.5000E-06,+13.8285732509E+00
+47.7500E-06,+13.8243428672E+00
+48.0000E-06,+13.8446956424E+00
+48.2500E-06,+13.8529361732E+00
+48.5000E-06,+13.8360281611E+00
+48.7500E-06,+13.8447002743E+00
+49.0000E-06,+13.8471968549E+00
+49.2500E-06,+13.8334823329E+00
+49.5000E-06,+13.8302376694E+00
+49.7500E-06,+13.8460593368E+00
+50.0000E-06,+13.8329345757E+00
+50.2500E-06,+13.8465436566E+00
+50.5000E-06,+13.8269968689E+00
+50.7500E-06,+13.8330351889E+00
+51.0000E-06,+13.8285721164E+00
+51.2500E-06,+13.8329990117E+00
+51.5000E-06,+13.8316787383E+00
+51.7500E-06,+13.8359352288E+00
+52.0000E-06,+13.8147036293E+00
+52.2500E-06,+13.8245608612E+00
+52.5000E-06,+13.8389716407E+00
+52.7500E-06,+13.8161451467E+00
+53.0000E-06,+13.8204405770E+00
+53.2500E-06,+13.8302281907E+00
+53.5000E-06,+13.8205107680E+00
+53.7500E-06,+13.8317427786E+00
+54.0000E-06,+13.8267655746E+00
+54.2500E-06,+13.8071413898E+00
+54.5000E-06,+13.8055863998E+00
+54.7500E-06,+13.7981924621E+00
+55.0000E-06,+13.7999216445E+00
+55.2500E-06,+13.8111672417E+00
+55.5000E-06,+13.7989558992E+00
+55.7500E-06,+13.8196800758E+00
+56.0000E-06,+13.8146294998E+00
+56.2500E-06,+13.8083184243E+00
+56.5000E-06,+13.8008446322E+00
+56.7500E-06,+13.8145322672E+00
+57.0000E-06,+13.8051321478E+00
+57.2500E-06,+13.7671570014E+00
+57.5000E-06,+13.7830738134E+00
+57.7500E-06,+13.8061046770E+00
+58.0000E-06,+13.7860090920E+00
+58.2500E-06,+13.7804380491E+00
+58.5000E-06,+13.7846013209E+00
+58.7500E-06,+13.7779517423E+00
+59.0000E-06,+13.7590296303E+00
+59.2500E-06,+13.7601989161E+00
+59.5000E-06,+13.7820058795E+00
+59.7500E-06,+13.7594606360E+00
+60.0000E-06,+13.7662652122E+00
+60.2500E-06,+13.7780981207E+00
+60.5000E-06,+13.7466271392E+00
+60.7500E-06,+13.7521137900E+00
+61.0000E-06,+13.7564962619E+00
+61.2500E-06,+13.7572481889E+00
+61.5000E-06,+13.7514465603E+00
+61.7500E-06,+13.7319553631E+00
+62.0000E-06,+13.7432460395E+00
+62.2500E-06,+13.7214918212E+00
+62.5000E-06,+13.7253153085E+00
+62.7500E-06,+13.7255895112E+00
+63.0000E-06,+13.7112752331E+00
+63.2500E-06,+13.7308709179E+00
+63.5000E-06,+13.7136406653E+00
+63.7500E-06,+13.7017420620E+00
+64.0000E-06,+13.7116552011E+00
+64.2500E-06,+13.6952705466E+00
+64.5000E-06,+13.6973504658E+00
+64.7500E-06,+13.7108196696E+00
+65.0000E-06,+13.6937830191E+00
+65.2500E-06,+13.6797127175E+00
+65.5000E-06,+13.6727980871E+00
+65.7500E-06,+13.6778818289E+00
+66.0000E-06,+13.6773862892E+00
+66.2500E-06,+13.6757843092E+00
+66.5000E-06,+13.6758943220E+00
+66.7500E-06,+13.6717564372E+00
+67.0000E-06,+13.6681323748E+00
+67.2500E-06,+13.6564004904E+00
+67.5000E-06,+13.6594938345E+00
+67.7500E-06,+13.6460287501E+00
+68.0000E-06,+13.6317354645E+00
+68.2500E-06,+13.6210571207E+00
+68.5000E-06,+13.6007040553E+00
+68.7500E-06,+13.5869776991E+00
+69.0000E-06,+13.5820066383E+00
+69.2500E-06,+13.5604799078E+00
+69.5000E-06,+13.5465739470E+00
+69.7500E-06,+13.5030538946E+00
+70.0000E-06,+13.4632521183E+00
+70.2500E-06,+13.4434265110E+00
+70.5000E-06,+13.3968352037E+00
+70.7500E-06,+13.3016036008E+00
+71.0000E-06,+13.1622095865E+00
+71.2500E-06,+12.7637674961E+00
+71.5000E-06,+12.4897829237E+00
+71.7500E-06,+12.7311993759E+00
+72.0000E-06,+12.8098158177E+00
+72.2500E-06,+12.7076925027E+00
+72.5000E-06,+12.6381996598E+00
+72.7500E-06,+12.5030338169E+00
+73.0000E-06,+12.4041337697E+00
+73.2500E-06,+12.2749547378E+00
+73.5000E-06,+12.1304388748E+00
+73.7500E-06,+11.9674187107E+00
+74.0000E-06,+11.8300926985E+00
+74.2500E-06,+11.6866187303E+00
+74.5000E-06,+11.4943323998E+00
+74.7500E-06,+11.3252871858E+00
+75.0000E-06,+11.0757888751E+00
+75.2500E-06,+10.8111407285E+00
+75.5000E-06,+10.5454995049E+00
+75.7500E-06,+10.2724400081E+00
+76.0000E-06,+9.9774397197E+00
+76.2500E-06,+9.6834257244E+00
+76.5000E-06,+9.4110559008E+00
+76.7500E-06,+9.0611253055E+00
+77.0000E-06,+8.7358354383E+00
+77.2500E-06,+8.3701682649E+00
+77.5000E-06,+8.0182835660E+00
+77.7500E-06,+7.6191619217E+00
+78.0000E-06,+7.2154369623E+00
+78.2500E-06,+6.7776288878E+00
+78.5000E-06,+6.3467114022E+00
+78.7500E-06,+5.8575003066E+00
+79.0000E-06,+5.3632814794E+00
+79.2500E-06,+4.8759669370E+00
+79.5000E-06,+4.3511691812E+00
+79.7500E-06,+3.7858229267E+00
+80.0000E-06,+3.2289994373E+00
+80.2500E-06,+2.6554117701E+00
+80.5000E-06,+2.0447240947E+00
+80.7500E-06,+1.4120645612E+00
+81.0000E-06,+782.8457920E-03
+81.2500E-06,+136.3537827E-03
+81.5000E-06,-541.2971436E-03
+81.7500E-06,-1.2087495119E+00
+82.0000E-06,-1.9669799006E+00
+82.2500E-06,-2.7167195634E+00
+82.5000E-06,-3.5082911954E+00
+82.7500E-06,-4.2907798153E+00
+83.0000E-06,-5.1342597921E+00
+83.2500E-06,-5.9652214271E+00
+83.5000E-06,-6.8612269054E+00
+83.7500E-06,-7.7414828446E+00
+84.0000E-06,-8.6581613297E+00
+84.2500E-06,-9.5872239177E+00
+84.5000E-06,-10.4625587145E+00
+84.7500E-06,-11.4607148659E+00
+85.0000E-06,-12.1549130951E+00
+85.2500E-06,-12.4993888035E+00
+85.5000E-06,-12.6386759370E+00
+85.7500E-06,-12.6641514993E+00
+86.0000E-06,-12.6770947337E+00
+86.2500E-06,-12.6616756134E+00
+86.5000E-06,-12.6837771690E+00
+86.7500E-06,-12.6952971687E+00
+87.0000E-06,-12.7000732216E+00
+87.2500E-06,-12.7381077275E+00
+87.5000E-06,-12.7087443361E+00
+87.7500E-06,-12.7410090638E+00
+88.0000E-06,-12.7630796244E+00
+88.2500E-06,-12.7617673334E+00
+88.5000E-06,-12.7603248248E+00
+88.7500E-06,-12.7680722958E+00
+89.0000E-06,-12.8022797113E+00
+89.2500E-06,-12.8003142860E+00
+89.5000E-06,-12.8073469381E+00
+89.7500E-06,-12.8174625661E+00
+90.0000E-06,-12.8194492251E+00
+90.2500E-06,-12.8114864774E+00
+90.5000E-06,-12.8263829938E+00
+90.7500E-06,-12.8328032792E+00
+91.0000E-06,-12.8308275989E+00
+91.2500E-06,-12.8381611786E+00
+91.5000E-06,-12.8345813474E+00
+91.7500E-06,-12.8551568315E+00
+92.0000E-06,-12.8433770714E+00
+92.2500E-06,-12.8629703252E+00
+92.5000E-06,-12.8645969158E+00
+92.7500E-06,-12.8679227302E+00
+93.0000E-06,-12.8703013760E+00
+93.2500E-06,-12.8587369152E+00
+93.5000E-06,-12.8738468050E+00
+93.7500E-06,-12.8709227388E+00
+94.0000E-06,-12.8629059646E+00
+94.2500E-06,-12.8678550002E+00
+94.5000E-06,-12.8625696625E+00
+94.7500E-06,-12.8714490248E+00
+95.0000E-06,-12.8701799813E+00
+95.2500E-06,-12.8701486659E+00
+95.5000E-06,-12.8649769591E+00
+95.7500E-06,-12.8738451203E+00
+96.0000E-06,-12.8704899881E+00
+96.2500E-06,-12.8847747108E+00
+96.5000E-06,-12.8706054468E+00
+96.7500E-06,-12.8947106099E+00
+97.0000E-06,-12.8794642839E+00
+97.2500E-06,-12.8796326384E+00
+97.5000E-06,-12.8764919349E+00
+97.7500E-06,-12.8768669506E+00
+98.0000E-06,-12.8841914134E+00
+98.2500E-06,-12.8928573343E+00
+98.5000E-06,-12.8744819581E+00
+98.7500E-06,-12.8743540094E+00
+99.0000E-06,-12.8845120558E+00
+99.2500E-06,-12.8776069493E+00
+99.5000E-06,-12.8910740538E+00
+99.7500E-06,-12.8788202025E+00
+100.0000E-06,-12.8803975530E+00
+100.2500E-06,-12.8800862535E+00
+100.5000E-06,-12.8944098821E+00
+100.7500E-06,-12.8855888729E+00
+101.0000E-06,-12.8799190145E+00
+101.2500E-06,-12.8830331891E+00
+101.5000E-06,-12.9048942168E+00
+101.7500E-06,-12.8880964322E+00
+102.0000E-06,-12.8805400155E+00
+102.2500E-06,-12.8939052669E+00
+102.5000E-06,-12.8915951087E+00
+102.7500E-06,-12.8827482641E+00
+103.0000E-06,-12.8945702730E+00
+103.2500E-06,-12.8879335877E+00
+103.5000E-06,-12.8855508037E+00
+103.7500E-06,-12.8893278626E+00
+104.0000E-06,-12.8873232790E+00
+104.2500E-06,-12.8880264447E+00
+104.5000E-06,-12.8947064680E+00
+104.7500E-06,-12.8833620251E+00
+105.0000E-06,-12.8817352273E+00
+105.2500E-06,-12.8860830408E+00
+105.5000E-06,-12.8842198833E+00
+105.7500E-06,-12.8890980004E+00
+106.0000E-06,-12.8989676092E+00
+106.2500E-06,-12.8797013823E+00
+106.5000E-06,-12.8883688711E+00
+106.7500E-06,-12.8879210827E+00
+107.0000E-06,-12.8874477302E+00
+107.2500E-06,-12.8955759379E+00
+107.5000E-06,-12.8882005882E+00
+107.7500E-06,-12.8826584109E+00
+108.0000E-06,-12.8838210974E+00
+108.2500E-06,-12.8921020002E+00
+108.5000E-06,-12.8714998779E+00
+108.7500E-06,-12.8816278226E+00
+109.0000E-06,-12.8861131124E+00
+109.2500E-06,-12.8820758786E+00
+109.5000E-06,-12.8713810460E+00
+109.7500E-06,-12.8845251941E+00
+110.0000E-06,-12.8808611329E+00
+110.2500E-06,-12.8865074284E+00
+110.5000E-06,-12.8812029902E+00
+110.7500E-06,-12.8581495738E+00
+111.0000E-06,-12.8772037878E+00
+111.2500E-06,-12.8909949381E+00
+111.5000E-06,-12.8792069242E+00
+111.7500E-06,-12.8827558960E+00
+112.0000E-06,-12.8834047865E+00
+112.2500E-06,-12.8763698505E+00
+112.5000E-06,-12.8710516636E+00
+112.7500E-06,-12.8704648235E+00
+113.0000E-06,-12.9020012247E+00
+113.2500E-06,-12.8799051942E+00
+113.5000E-06,-12.8755009383E+00
+113.7500E-06,-12.8932736415E+00
+114.0000E-06,-12.8749600141E+00
+114.2500E-06,-12.8934179244E+00
+114.5000E-06,-12.8689336338E+00
+114.7500E-06,-12.8898128345E+00
+115.0000E-06,-12.8823444958E+00
+115.2500E-06,-12.8743158234E+00
+115.5000E-06,-12.8713450384E+00
+115.7500E-06,-12.8793492699E+00
+116.0000E-06,-12.8862147395E+00
+116.2500E-06,-12.8701100314E+00
+116.5000E-06,-12.8721656717E+00
+116.7500E-06,-12.8802634158E+00
+117.0000E-06,-12.8872312964E+00
+117.2500E-06,-12.8766864980E+00
+117.5000E-06,-12.8750988699E+00
+117.7500E-06,-12.8770015438E+00
+118.0000E-06,-12.8721304555E+00
+118.2500E-06,-12.8782702028E+00
+118.5000E-06,-12.8843436938E+00
+118.7500E-06,-12.8796184073E+00
+119.0000E-06,-12.8839140411E+00
+119.2500E-06,-12.8759838901E+00
+119.5000E-06,-12.8786692110E+00
+119.7500E-06,-12.8777353465E+00
+120.0000E-06,-12.8806747670E+00
+120.2500E-06,-12.8928405667E+00
+120.5000E-06,-12.8734398333E+00
+120.7500E-06,-12.8783723500E+00
+121.0000E-06,-12.8629141656E+00
+121.2500E-06,-12.8722090021E+00
+121.5000E-06,-12.8804342088E+00
+121.7500E-06,-12.8769665349E+00
+122.0000E-06,-12.8740807715E+00
+122.2500E-06,-12.8695473119E+00
+122.5000E-06,-12.8795413946E+00
+122.7500E-06,-12.8833453705E+00
+123.0000E-06,-12.8683090939E+00
+123.2500E-06,-12.8642561778E+00
+123.5000E-06,-12.8688821739E+00
+123.7500E-06,-12.8730515852E+00
+124.0000E-06,-12.8659680386E+00
+124.2500E-06,-12.8704928524E+00
+124.5000E-06,-12.8799008487E+00
+124.7500E-06,-12.8715271417E+00
+125.0000E-06,-12.8639870103E+00
+125.2500E-06,-12.8679542830E+00
+125.5000E-06,-12.8771393895E+00
+125.7500E-06,-12.8721505134E+00
+126.0000E-06,-12.8626848650E+00
+126.2500E-06,-12.8670335227E+00
+126.5000E-06,-12.8835585179E+00
+126.7500E-06,-12.8766658372E+00
+127.0000E-06,-12.8585459249E+00
+127.2500E-06,-12.8684839685E+00
+127.5000E-06,-12.8679246221E+00
+127.7500E-06,-12.8753085461E+00
+128.0000E-06,-12.8652050537E+00
+128.2500E-06,-12.8727326010E+00
+128.5000E-06,-12.8699694948E+00
+128.7500E-06,-12.8708240514E+00
+129.0000E-06,-12.8679345945E+00
+129.2500E-06,-12.8726056962E+00
+129.5000E-06,-12.8771483895E+00
+129.7500E-06,-12.8685920177E+00
+130.0000E-06,-12.8669567852E+00
+130.2500E-06,-12.8563118861E+00
+130.5000E-06,-12.8682893941E+00
+130.7500E-06,-12.8545538381E+00
+131.0000E-06,-12.8762259747E+00
+131.2500E-06,-12.8695062767E+00
+131.5000E-06,-12.8675100034E+00
+131.7500E-06,-12.8528060036E+00
+132.0000E-06,-12.8676239357E+00
+132.2500E-06,-12.8651244907E+00
+132.5000E-06,-12.8660665300E+00
+132.7500E-06,-12.8642006702E+00
+133.0000E-06,-12.8737927861E+00
+133.2500E-06,-12.8643725637E+00
+133.5000E-06,-12.8607884172E+00
+133.7500E-06,-12.8667113237E+00
+134.0000E-06,-12.8651077684E+00
+134.2500E-06,-12.8549859518E+00
+134.5000E-06,-12.8667928515E+00
+134.7500E-06,-12.8714776530E+00
+135.0000E-06,-12.8610346023E+00
+135.2500E-06,-12.8621290651E+00
+135.5000E-06,-12.8610157052E+00
+135.7500E-06,-12.8609073207E+00
+136.0000E-06,-12.8561971548E+00
+136.2500E-06,-12.8621341380E+00
+136.5000E-06,-12.8567165250E+00
+136.7500E-06,-12.8585482578E+00
+137.0000E-06,-12.8694343557E+00
+137.2500E-06,-12.8630108441E+00
+137.5000E-06,-12.8561970003E+00
+137.7500E-06,-12.8625606060E+00
+138.0000E-06,-12.8515306360E+00
+138.2500E-06,-12.8692397888E+00
+138.5000E-06,-12.8524758900E+00
+138.7500E-06,-12.8562188973E+00
+139.0000E-06,-12.8623198556E+00
+139.2500E-06,-12.8590446455E+00
+139.5000E-06,-12.8615491596E+00
+139.7500E-06,-12.8531653522E+00
+140.0000E-06,-12.8609971286E+00
+140.2500E-06,-12.8405608206E+00
+140.5000E-06,-12.8488700802E+00
+140.7500E-06,-12.8334617426E+00
+141.0000E-06,-12.8513624435E+00
+141.2500E-06,-12.8557919808E+00
+141.5000E-06,-12.8631073606E+00
+141.7500E-06,-12.8533100346E+00
+142.0000E-06,-12.8426131216E+00
+142.2500E-06,-12.8668314445E+00
+142.5000E-06,-12.8481140111E+00
+142.7500E-06,-12.8569026157E+00
+143.0000E-06,-12.8517345345E+00
+143.2500E-06,-12.8560946458E+00
+143.5000E-06,-12.8558109192E+00
+143.7500E-06,-12.8513663066E+00
+144.0000E-06,-12.8616916184E+00
+144.2500E-06,-12.8611680271E+00
+144.5000E-06,-12.8495199468E+00
+144.7500E-06,-12.8382278495E+00
+145.0000E-06,-12.8469342404E+00
+145.2500E-06,-12.8379837788E+00
+145.5000E-06,-12.8213388286E+00
+145.7500E-06,-12.8502840548E+00
+146.0000E-06,-12.8449847197E+00
+146.2500E-06,-12.8189400233E+00
+146.5000E-06,-12.8499920481E+00
+146.7500E-06,-12.8302470339E+00
+147.0000E-06,-12.8426190651E+00
+147.2500E-06,-12.8479936190E+00
+147.5000E-06,-12.8400097092E+00
+147.7500E-06,-12.8386457509E+00
+148.0000E-06,-12.8411143140E+00
+148.2500E-06,-12.8509403021E+00
+148.5000E-06,-12.8462994906E+00
+148.7500E-06,-12.8422089539E+00
+149.0000E-06,-12.8296624438E+00
+149.2500E-06,-12.8277630337E+00
+149.5000E-06,-12.8338086314E+00
+149.7500E-06,-12.8342996183E+00
+150.0000E-06,-12.8301048088E+00
+150.2500E-06,-12.8077553043E+00
+150.5000E-06,-12.8232889109E+00
+150.7500E-06,-12.8115919072E+00
+151.0000E-06,-12.8138927036E+00
+151.2500E-06,-12.8231386883E+00
+151.5000E-06,-12.7954188774E+00
+151.7500E-06,-12.8303394951E+00
+152.0000E-06,-12.8312088558E+00
+152.2500E-06,-12.8280135605E+00
+152.5000E-06,-12.8084396370E+00
+152.7500E-06,-12.8236892570E+00
+153.0000E-06,-12.8058000662E+00
+153.2500E-06,-12.8251950559E+00
+153.5000E-06,-12.8282488913E+00
+153.7500E-06,-12.8070733798E+00
+154.0000E-06,-12.8168994358E+00
+154.2500E-06,-12.7927195251E+00
+154.5000E-06,-12.8034926969E+00
+154.7500E-06,-12.7999458432E+00
+155.0000E-06,-12.7756448243E+00
+155.2500E-06,-12.7726932115E+00
+155.5000E-06,-12.7968044613E+00
+155.7500E-06,-12.7637173666E+00
+156.0000E-06,-12.7789723949E+00
+156.2500E-06,-12.7565638438E+00
+156.5000E-06,-12.7569489450E+00
+156.7500E-06,-12.7684673843E+00
+157.0000E-06,-12.7530150944E+00
+157.2500E-06,-12.7523164023E+00
+157.5000E-06,-12.7440876906E+00
+157.7500E-06,-12.7217334072E+00
+158.0000E-06,-12.7088016452E+00
+158.2500E-06,-12.7077179877E+00
+158.5000E-06,-12.6882849665E+00
+158.7500E-06,-12.6634496979E+00
+159.0000E-06,-12.5529957427E+00
+159.2500E-06,-12.3251378009E+00
+159.5000E-06,-12.0886645388E+00
+159.7500E-06,-11.8379594423E+00
+160.0000E-06,-11.5828764379E+00
+160.2500E-06,-11.2761813732E+00
+160.5000E-06,-10.9810520582E+00
+160.7500E-06,-10.6653774966E+00
+161.0000E-06,-10.2938762034E+00
+161.2500E-06,-9.9649323227E+00
+161.5000E-06,-9.5626455716E+00
+161.7500E-06,-9.1440512278E+00
+162.0000E-06,-8.7348682118E+00
+162.2500E-06,-8.2862128020E+00
+162.5000E-06,-7.8019661340E+00
+162.7500E-06,-7.3122898793E+00
+163.0000E-06,-6.8103106388E+00
+163.2500E-06,-6.2547202116E+00
+163.5000E-06,-5.7015551979E+00
+163.7500E-06,-5.1285202212E+00
+164.0000E-06,-4.5157513830E+00
+164.2500E-06,-3.9132770839E+00
+164.5000E-06,-3.2429648743E+00
+164.7500E-06,-2.5630729482E+00
+165.0000E-06,-1.8592365251E+00
+165.2500E-06,-1.1465187686E+00
+165.5000E-06,-426.1553039E-03
+165.7500E-06,+311.7756125E-03
+166.0000E-06,+1.0684344811E+00
+166.2500E-06,+1.9145725827E+00
+166.5000E-06,+2.7347431816E+00
+166.7500E-06,+3.6045850412E+00
+167.0000E-06,+4.4962295715E+00
+167.2500E-06,+5.3990738925E+00
+167.5000E-06,+6.3468132366E+00
+167.7500E-06,+7.2886594934E+00
+168.0000E-06,+8.2839249592E+00
+168.2500E-06,+9.2709652183E+00
+168.5000E-06,+10.2758259055E+00
+168.7500E-06,+11.2843208009E+00
+169.0000E-06,+12.1968770420E+00
+169.2500E-06,+13.0844884616E+00
+169.5000E-06,+13.4181564603E+00
+169.7500E-06,+13.4651984656E+00
+170.0000E-06,+13.5152015850E+00
+170.2500E-06,+13.6096932984E+00
+170.5000E-06,+13.6562679098E+00
+170.7500E-06,+13.6995767482E+00
+171.0000E-06,+13.7542828915E+00
+171.2500E-06,+13.8210396772E+00
+171.5000E-06,+13.8414742251E+00
+171.7500E-06,+13.8245633901E+00
+172.0000E-06,+13.8240747813E+00
+172.2500E-06,+13.8074545398E+00
+172.5000E-06,+13.8105251276E+00
+172.7500E-06,+13.8119121437E+00
+173.0000E-06,+13.7909441489E+00
+173.2500E-06,+13.8306169552E+00
+173.5000E-06,+13.8497663214E+00
+173.7500E-06,+13.9147544422E+00
+174.0000E-06,+13.9735555204E+00
+174.2500E-06,+13.9481726266E+00
+174.5000E-06,+13.9024505367E+00
+174.7500E-06,+13.8500389525E+00
+175.0000E-06,+13.8524491586E+00
+175.2500E-06,+13.8298496625E+00
+175.5000E-06,+13.8171886848E+00
+175.7500E-06,+13.8121147948E+00
+176.0000E-06,+13.8264651821E+00
+176.2500E-06,+13.8228360205E+00
+176.5000E-06,+13.8355087871E+00
+176.7500E-06,+13.8571245267E+00
+177.0000E-06,+13.8497815174E+00
+177.2500E-06,+13.8565021500E+00
+177.5000E-06,+13.8605647973E+00
+177.7500E-06,+13.8454102428E+00
+178.0000E-06,+13.8563948132E+00
+178.2500E-06,+13.8708403000E+00
+178.5000E-06,+13.8770127270E+00
+178.7500E-06,+13.8630281254E+00
+179.0000E-06,+13.8733030250E+00
+179.2500E-06,+13.8715855449E+00
+179.5000E-06,+13.8648233569E+00
+179.7500E-06,+13.8744042567E+00
+180.0000E-06,+13.8856159607E+00
+180.2500E-06,+13.8739396705E+00
+180.5000E-06,+13.8716505952E+00
+180.7500E-06,+13.8716017057E+00
+181.0000E-06,+13.8742010893E+00
+181.2500E-06,+13.8705162844E+00
+181.5000E-06,+13.8954251247E+00
+181.7500E-06,+13.8767496122E+00
+182.0000E-06,+13.8895130649E+00
+182.2500E-06,+13.8615416795E+00
+182.5000E-06,+13.8794103791E+00
+182.7500E-06,+13.8737448247E+00
+183.0000E-06,+13.8780329020E+00
+183.2500E-06,+13.8841157170E+00
+183.5000E-06,+13.8833178401E+00
+183.7500E-06,+13.8753193599E+00
+184.0000E-06,+13.8936716068E+00
+184.2500E-06,+13.8788035263E+00
+184.5000E-06,+13.8881250539E+00
+184.7500E-06,+13.8908742153E+00
+185.0000E-06,+13.8799467166E+00
+185.2500E-06,+13.8837177491E+00
+185.5000E-06,+13.8857260375E+00
+185.7500E-06,+13.8892612454E+00
+186.0000E-06,+13.8767140381E+00
+186.2500E-06,+13.8878826565E+00
+186.5000E-06,+13.8873854773E+00
+186.7500E-06,+13.8747269645E+00
+187.0000E-06,+13.8813062540E+00
+187.2500E-06,+13.8810956544E+00
+187.5000E-06,+13.8885076713E+00
+187.7500E-06,+13.8879977459E+00
+188.0000E-06,+13.8813467804E+00
+188.2500E-06,+13.8768180621E+00
+188.5000E-06,+13.8789055567E+00
+188.7500E-06,+13.8877176374E+00
+189.0000E-06,+13.8806246461E+00
+189.2500E-06,+13.8945220780E+00
+189.5000E-06,+13.8871338953E+00
+189.7500E-06,+13.8850015928E+00
+190.0000E-06,+13.8857952637E+00
+190.2500E-06,+13.8807421890E+00
+190.5000E-06,+13.8920117712E+00
+190.7500E-06,+13.8909888751E+00
+191.0000E-06,+13.8764133366E+00
+191.2500E-06,+13.8908464879E+00
+191.5000E-06,+13.8929540629E+00
+191.7500E-06,+13.8735652541E+00
+192.0000E-06,+13.8860303495E+00
+192.2500E-06,+13.8763410613E+00
+192.5000E-06,+13.8888175349E+00
+192.7500E-06,+13.8731032345E+00
+193.0000E-06,+13.8933376377E+00
+193.2500E-06,+13.8948880484E+00
+193.5000E-06,+13.8975633216E+00
+193.7500E-06,+13.8884637718E+00
+194.0000E-06,+13.8876614853E+00
+194.2500E-06,+13.8850005187E+00
+194.5000E-06,+13.8852001396E+00
+194.7500E-06,+13.8991451797E+00
+195.0000E-06,+13.8794498502E+00
+195.2500E-06,+13.8949702546E+00
+195.5000E-06,+13.8838015268E+00
+195.7500E-06,+13.8745140885E+00
+196.0000E-06,+13.8703043092E+00
+196.2500E-06,+13.8872929257E+00
+196.5000E-06,+13.8854460044E+00
+196.7500E-06,+13.8877276475E+00
+197.0000E-06,+13.8849829031E+00
+197.2500E-06,+13.8813072753E+00
+197.5000E-06,+13.8946891511E+00
+197.7500E-06,+13.8733575452E+00
+198.0000E-06,+13.8696106297E+00
+198.2500E-06,+13.8866291068E+00
+198.5000E-06,+13.8755086919E+00
+198.7500E-06,+13.8740238440E+00
+199.0000E-06,+13.8769532998E+00
+199.2500E-06,+13.8751934540E+00
+199.5000E-06,+13.8723602735E+00
+199.7500E-06,+13.8961461321E+00
+200.0000E-06,+13.8753745962E+00
+200.2500E-06,+13.8688707177E+00
+200.5000E-06,+13.8824999393E+00
+200.7500E-06,+13.8715049933E+00
+201.0000E-06,+13.8867219335E+00
+201.2500E-06,+13.8751569941E+00
+201.5000E-06,+13.8691949707E+00
+201.7500E-06,+13.8761219818E+00
+202.0000E-06,+13.8900022089E+00
+202.2500E-06,+13.8711963809E+00
+202.5000E-06,+13.8784200232E+00
+202.7500E-06,+13.8927067095E+00
+203.0000E-06,+13.8821572001E+00
+203.2500E-06,+13.8762911768E+00
+203.5000E-06,+13.8797006145E+00
+203.7500E-06,+13.8819969297E+00
+204.0000E-06,+13.8840916115E+00
+204.2500E-06,+13.8698292833E+00
+204.5000E-06,+13.8896778014E+00
+204.7500E-06,+13.8945482112E+00
+205.0000E-06,+13.8797819048E+00
+205.2500E-06,+13.8859729047E+00
+205.5000E-06,+13.8962833032E+00
+205.7500E-06,+13.8749806345E+00
+206.0000E-06,+13.8913699473E+00
+206.2500E-06,+13.9016675204E+00
+206.5000E-06,+13.8807127505E+00
+206.7500E-06,+13.8833987611E+00
+207.0000E-06,+13.8926571340E+00
+207.2500E-06,+13.8777697571E+00
+207.5000E-06,+13.8774587666E+00
+207.7500E-06,+13.8814768284E+00
+208.0000E-06,+13.8864675475E+00
+208.2500E-06,+13.8830773611E+00
+208.5000E-06,+13.8853301499E+00
+208.7500E-06,+13.8874378380E+00
+209.0000E-06,+13.8991573870E+00
+209.2500E-06,+13.8764411130E+00
+209.5000E-06,+13.7959569308E+00
+209.7500E-06,+13.8188825682E+00
+210.0000E-06,+13.8329693094E+00
+210.2500E-06,+13.8321480355E+00
+210.5000E-06,+13.8381652500E+00
+210.7500E-06,+13.8426943942E+00
+211.0000E-06,+13.8543258387E+00
+211.2500E-06,+13.8427471807E+00
+211.5000E-06,+13.8266480241E+00
+211.7500E-06,+13.8442144205E+00
+212.0000E-06,+13.8511693663E+00
+212.2500E-06,+13.8326776268E+00
+212.5000E-06,+13.8258231283E+00
+212.7500E-06,+13.8284752042E+00
+213.0000E-06,+13.8472603789E+00
+213.2500E-06,+13.8252078824E+00
+213.5000E-06,+13.8324322407E+00
+213.7500E-06,+13.8165581976E+00
+214.0000E-06,+13.8320509876E+00
+214.2500E-06,+13.8199463149E+00
+214.5000E-06,+13.8246341955E+00
+214.7500E-06,+13.8487639203E+00
+215.0000E-06,+13.8256708593E+00
+215.2500E-06,+13.8045788392E+00
+215.5000E-06,+13.8321273709E+00
+215.7500E-06,+13.8311359334E+00
+216.0000E-06,+13.8295386871E+00
+216.2500E-06,+13.8253794480E+00
+216.5000E-06,+13.8316432922E+00
+216.7500E-06,+13.8105591038E+00
+217.0000E-06,+13.8022956734E+00
+217.2500E-06,+13.8035144668E+00
+217.5000E-06,+13.7991116922E+00
+217.7500E-06,+13.8094115793E+00
+218.0000E-06,+13.8029594433E+00
+218.2500E-06,+13.7967094722E+00
+218.5000E-06,+13.8025954742E+00
+218.7500E-06,+13.7895972183E+00
+219.0000E-06,+13.7987787030E+00
+219.2500E-06,+13.8043197156E+00
+219.5000E-06,+13.7887956480E+00
+219.7500E-06,+13.8113414983E+00
+220.0000E-06,+13.7912065589E+00
+220.2500E-06,+13.7897324522E+00
+220.5000E-06,+13.7942111579E+00
+220.7500E-06,+13.7735887743E+00
+221.0000E-06,+13.7939177906E+00
+221.2500E-06,+13.7804567162E+00
+221.5000E-06,+13.7713400558E+00
+221.7500E-06,+13.7667552947E+00
+222.0000E-06,+13.8006031205E+00
+222.2500E-06,+13.7573429303E+00
+222.5000E-06,+13.7611642995E+00
+222.7500E-06,+13.7551290323E+00
+223.0000E-06,+13.7634459464E+00
+223.2500E-06,+13.7381399409E+00
+223.5000E-06,+13.7516512654E+00
+223.7500E-06,+13.7497661807E+00
+224.0000E-06,+13.7492019838E+00
+224.2500E-06,+13.7333284947E+00
+224.5000E-06,+13.7238941127E+00
+224.7500E-06,+13.7254489745E+00
+225.0000E-06,+13.7191231477E+00
+225.2500E-06,+13.7252670672E+00
+225.5000E-06,+13.7081826917E+00
+225.7500E-06,+13.7307328611E+00
+226.0000E-06,+13.7054569311E+00
+226.2500E-06,+13.6895273765E+00
+226.5000E-06,+13.7039861146E+00
+226.7500E-06,+13.6933749769E+00
+227.0000E-06,+13.7006201318E+00
+227.2500E-06,+13.6871280662E+00
+227.5000E-06,+13.6759391977E+00
+227.7500E-06,+13.6862114026E+00
+228.0000E-06,+13.6769391113E+00
+228.2500E-06,+13.6669333377E+00
+228.5000E-06,+13.6716275576E+00
+228.7500E-06,+13.6750158105E+00
+229.0000E-06,+13.6733697237E+00
+229.2500E-06,+13.6645794269E+00
+229.5000E-06,+13.6567315726E+00
+229.7500E-06,+13.6639126004E+00
+230.0000E-06,+13.6586660518E+00
+230.2500E-06,+13.6571601361E+00
+230.5000E-06,+13.6317668214E+00
+230.7500E-06,+13.6454468132E+00
+231.0000E-06,+13.6410697722E+00
+231.2500E-06,+13.6173729452E+00
+231.5000E-06,+13.5932695798E+00
+231.7500E-06,+13.5746318878E+00
+232.0000E-06,+13.5379776140E+00
+232.2500E-06,+13.5027109970E+00
+232.5000E-06,+13.4782693547E+00
+232.7500E-06,+13.4663333644E+00
+233.0000E-06,+13.4188792994E+00
+233.2500E-06,+13.3596597092E+00
+233.5000E-06,+13.2595324113E+00
+233.7500E-06,+13.0136527660E+00
+234.0000E-06,+12.5809311469E+00
+234.2500E-06,+12.5552963469E+00
+234.5000E-06,+12.8367519564E+00
+234.7500E-06,+12.7539223547E+00
+235.0000E-06,+12.6598769786E+00
+235.2500E-06,+12.5737310373E+00
+235.5000E-06,+12.4602070332E+00
+235.7500E-06,+12.3025283626E+00
+236.0000E-06,+12.1938814165E+00
+236.2500E-06,+12.0508429391E+00
+236.5000E-06,+11.8886485112E+00
+236.7500E-06,+11.7473382815E+00
+237.0000E-06,+11.5925490791E+00
+237.2500E-06,+11.4133841780E+00
+237.5000E-06,+11.2281393374E+00
+237.7500E-06,+10.9678029138E+00
+238.0000E-06,+10.6646707317E+00
+238.2500E-06,+10.4206753645E+00
+238.5000E-06,+10.1363627252E+00
+238.7500E-06,+9.8391072021E+00
+239.0000E-06,+9.5534783220E+00
+239.2500E-06,+9.2454658669E+00
+239.5000E-06,+8.8885831524E+00
+239.7500E-06,+8.5442670850E+00
+240.0000E-06,+8.1964070546E+00
+240.2500E-06,+7.8184259469E+00
+240.5000E-06,+7.4295061394E+00
+240.7500E-06,+6.9934489672E+00
+241.0000E-06,+6.5164795609E+00
+241.2500E-06,+6.0855931495E+00
+241.5000E-06,+5.5948105865E+00
+241.7500E-06,+5.1278273860E+00
+242.0000E-06,+4.5852692774E+00
+242.2500E-06,+4.0658318594E+00
+242.5000E-06,+3.4940474061E+00
+242.7500E-06,+2.9325560448E+00
+243.0000E-06,+2.3457670712E+00
+243.2500E-06,+1.7261110322E+00
+243.5000E-06,+1.0859888547E+00
+243.7500E-06,+430.1337135E-03
+244.0000E-06,-220.2908008E-03
+244.2500E-06,-901.4431887E-03
+244.5000E-06,-1.6065616993E+00
+244.7500E-06,-2.3456348675E+00
+245.0000E-06,-3.1343939987E+00
+245.2500E-06,-3.9026206033E+00
+245.5000E-06,-4.7171100975E+00
+245.7500E-06,-5.5712939445E+00
+246.0000E-06,-6.4231978557E+00
+246.2500E-06,-7.2997248529E+00
+246.5000E-06,-8.1938878383E+00
+246.7500E-06,-9.0981389919E+00
+247.0000E-06,-10.0409713985E+00
+247.2500E-06,-10.9675064825E+00
+247.5000E-06,-11.8777762149E+00
+247.7500E-06,-12.3528000163E+00
+248.0000E-06,-12.5636764571E+00
+248.2500E-06,-12.6551889886E+00
+248.5000E-06,-12.6689222607E+00
+248.7500E-06,-12.6712631577E+00
+249.0000E-06,-12.6806406338E+00
+249.2500E-06,-12.7116778357E+00
+249.5000E-06,-12.7066330487E+00
+249.7500E-06,-12.7179453207E+00
